Race,Male.Record
Black Meldon Hill Race & Relays,525
Caerketton Hill Race,751
Oban Games Hill Race,836
Broughton Brewery Greenmantle Dash,916
Bishop Hill Race,1020
Lochaber AC Cow Hill Race,1025
Chapelgill Hill Race,1132
Falkland Hill Race,1164
Moffat Beef Tub Hill Race,1196
El-Brim-Ick Dash,1209
Aberfoyle Dash Uphill Race,1215
Elrick Eightsome Relay Hill Race,1289
Ben Sheann Hill Race,1374
Gondola Uphill Race,1394
Kinnoull Hill Race hallenge,1394
Whangie Whizz Hill Race,1424
Aonach Mor Gondola Uphill Race,1453
Hunters Bog Trot,1474
Eildon 2 Hill Race,1538
Scottish Nuclear Kaim Hill Race,1552
Civic Week Black Hill Race,1612
Norman's Law Hill Race,1625
Screel Hill Race,1652
Meal An-T Suidhe Hill Race,1674
Largo Law Hill Race,1680
Scolty Hill Race,1785
SHRA Tinto Hill Race,1798
Whiteash Hill Race,1832
LAS' Plant Craig Dunain Hill Race,1966
27th Dumyat Hill Race,1990
Wideford Hill Race,2029
Glas Tulaichean Uphill race,2030
White Tops Hill Race,2062
Running Shop Morven Hill Race,2193
Traprain Law Race,2246
Dollar Hill Race,2298
Tap O'North Hill Race,2397
Ardoch Rig Hill Race,2444
Knockfarrel Hill Race,2467
Cairn William Hill Race,2536
Ben Rha Hill Race Relay,2657
Kilpatricks Hill Race,2663
Cort-ma Law Hill Race,2672
David Shepherd Memorial Glamaig Hill Race,2681
Druim Fada Chase,2704
Lamlash Gala Week Urie Loch Hill Race,2786
Criffel Micro Hill Race,2854
Half Nevis Race,2859
Maddy Moss Mash Hill Race,2859
Tiso Carnethy Five Hill Race,2870
Lomonds Of Fife Hill Race,3791
Merrick Hill Race,4080
Manor Water Hill Race,4264
Yetholm Festival Hill Race,4295
Scottish Borders Police Hill race,4313
Goatfell Hill Race,4420
O.P.S. Clachnaben Hill Race,4604
Ben Tee Hill Race,4780
Ben Nevis Hill Race orts Day & Hill Race,5134
Tiso Seven Hills of Edinburgh Race & Challenge,5560
Corrieyairick Pass Race,5993
Culter Fell Horseshoe Race,6198
Ben Rhinnes 5 Tops Hill Race,7114
Stuc A'Chroin 5000 Hill Race,7140
Glen Rosa Horseshoe Hill Race,7993
Pentland Skyline Hill Race,8560
The Devils Burdens Relay,8639
Two Breweries Hill Race,9237
Glen Clova Hill Race,9242
Isle of Jura Fell Race,11219
Lairig Ghru Race,11471
