Hill,Female.Record
Isle of Jura Fell Race,13822
Lairig Ghru Race,13510
The Devils Burdens Relay,11136
Two Breweries Hill Race,11118
Glen Clova Hill Race,10664
Pentland Skyline Hill Race,10026
Glen Rosa Horseshoe Hill Race,9737
Stuc A'Chroin 5000 Hill Race,8636
Ben Rhinnes 5 Tops Hill Race,8481
Culter Fell Horseshoe Race,7156
Corrieyairick Pass Race,7068
Tiso Seven Hills of Edinburgh Race & Challenge,6504
Ben Tee Hill Race,6418
Ben Nevis Hill Race orts Day & Hill Race,6205
Goatfell Hill Race,5495
Manor Water Hill Race,5391
O.P.S. Clachnaben Hill Race,5356
Yetholm Festival Hill Race,5224
Scottish Borders Police Hill race,5219
Merrick Hill Race,5021
Lomonds Of Fife Hill Race,4658
Maddy Moss Mash Hill Race,3787
Half Nevis Race,3711
Lamlash Gala Week Urie Loch Hill Race,3654
Criffel Micro Hill Race,3612
Ben Rha Hill Race Relay,3590
Druim Fada Chase,3500
Tiso Carnethy Five Hill Race,3456
David Shepherd Memorial Glamaig Hill Race,3370
Kilpatricks Hill Race,3147
Cort-ma Law Hill Race,3133
Ardoch Rig Hill Race,3014
Tap O'North Hill Race,2944
Cairn William Hill Race,2915
Running Shop Morven Hill Race,2829
Dollar Hill Race,2785
Whiteash Hill Race,2766
Traprain Law Race,2695
Knockfarrel Hill Race,2643
Wideford Hill Race,2607
White Tops Hill Race,2502
Glas Tulaichean Uphill race,2414
LAS' Plant Craig Dunain Hill Race,2373
27th Dumyat Hill Race,2296
Meal An-T Suidhe Hill Race,2195
Norman's Law Hill Race,2193
SHRA Tinto Hill Race,2092
Scolty Hill Race,2085
Screel Hill Race,1957
Scottish Nuclear Kaim Hill Race,1944
Civic Week Black Hill Race,1916
Largo Law Hill Race,1915
Aonach Mor Gondola Uphill Race,1868
Gondola Uphill Race,1868
Eildon 2 Hill Race,1828
Kinnoull Hill Race hallenge,1752
Ben Sheann Hill Race,1745
Hunters Bog Trot,1720
Whangie Whizz Hill Race,1671
Elrick Eightsome Relay Hill Race,1593
Moffat Beef Tub Hill Race,1573
Falkland Hill Race,1443
El-Brim-Ick Dash,1382
Aberfoyle Dash Uphill Race,1373
Chapelgill Hill Race,1323
Lochaber AC Cow Hill Race,1298
Bishop Hill Race,1245
Broughton Brewery Greenmantle Dash,1140
Oban Games Hill Race,1076
Caerketton Hill Race,888
Black Meldon Hill Race & Relays,676
